{
  "sections": {
    "main": {
      "type": "main-cart",
      "settings": {
        "show_page_title": false,
        "enable_cart_notes": false,
        "show_tax_and_shipping": true,
        "cart_terms_page": "",
        "show_additional_checkout_buttons": true,
        "show_continue_shopping": false,
        "continue_shopping_url": "shopify:\/\/collections\/sins-n-lashes™",
        "show_backorder_text": false,
        "show_shipping_calculator": false,
        "shipping_calculator_default_country": "United States"
      }
    },
    "c8afcf74-a7fe-41d0-baa9-c3bde95c8cc8": {
      "type": "newsletter",
      "settings": {
        "title": "Sins 'n Lashes Deal 🖤",
        "subheading": "<p><strong>Anmelden & Rabatte sowie News erhalten!<\/strong><\/p>",
        "color_bg": "#ffefec"
      }
    }
  },
  "order": [
    "main",
    "c8afcf74-a7fe-41d0-baa9-c3bde95c8cc8"
  ]
}