{
  "sections": {
    "main": {
      "type": "main-collection",
      "settings": {
        "show_image_behind_heading": false,
        "heading_image_height": "medium",
        "overlay_style": "shadow",
        "coll_num_per_page_int": 16,
        "grid": 2,
        "show_vendor": false,
        "show_total": false,
        "coll_desc_pos": "above",
        "enable_filtering": false,
        "collapse_tag_sidebar_by_default": false,
        "collapse_filters_method": "over-12",
        "show_filter_counts": false,
        "show_disabled_filters": false,
        "ajax_products": false,
        "auto_apply_hide_unavailable": false,
        "enable_sticky_filter": true,
        "filter_two_columns": false,
        "coll_show_sort": false,
        "coll_show_feat": false,
        "enable_subcoll": false,
        "subcoll_menu": "main-menu",
        "subcoll_style": "buttons",
        "subcoll_gall_shape": "sq",
        "image_position": "center center",
        "subcoll_gall_enable_margin": false,
        "subcoll_gall_full_width": false,
        "subcoll_gall_overlay_style": "shadow",
        "subcoll_gall_text_alignment": "center center",
        "subcoll_gall_mobile_layout": "1"
      }
    }
  },
  "order": [
    "main"
  ]
}