{
  "sections": {
    "42edaeca-2f8e-4030-a0f7-257bbd4918ea": {
      "type": "image-with-text-overlay",
      "settings": {
        "image": "shopify:\/\/shop_images\/SinsXmas_fa3b1a5c-b562-4882-b846-07d90b609666.jpg",
        "image_position": "center center",
        "mobile_image_position": "center center",
        "height": "full",
        "height_desktop": 600,
        "height_mobile": 580,
        "image_link": "",
        "subheading": "",
        "title": "MOST WANTED GIFT",
        "title_size": 84,
        "title_size_mobile": 30,
        "use_h1": false,
        "text": "<p>- LONG NATURAL LASHES<\/p>",
        "enlarge_text": true,
        "button_label_1": "",
        "button_url_1": "",
        "button_label_2": "",
        "button_url_2": "",
        "text_alignment": "bottom right",
        "full_width": false,
        "mobile_overlay_under": false,
        "overlay_style": "no_background"
      }
    },
    "16359276425da8ce46": {
      "type": "slideshow",
      "disabled": true,
      "blocks": {
        "16359276425da8ce46-0": {
          "type": "image",
          "settings": {
            "image": "shopify:\/\/shop_images\/SinsXmas_fa3b1a5c-b562-4882-b846-07d90b609666.jpg",
            "mobile_image": "shopify:\/\/shop_images\/SinsXmas_fa3b1a5c-b562-4882-b846-07d90b609666.jpg",
            "image_position": "center center",
            "mobile_image_position": "center center",
            "slide_link": "",
            "subheading": "",
            "title": "MOST WANTED GIFT",
            "title_size": 84,
            "title_size_mobile": 30,
            "use_h1": false,
            "text": "<p>- LONG NATURAL LASHES<\/p>",
            "enlarge_text": false,
            "button_label_1": "",
            "button_url_1": "",
            "button_label_2": "",
            "button_url_2": "",
            "text_alignment": "bottom right"
          }
        },
        "16359276425da8ce46-1": {
          "type": "image",
          "disabled": true,
          "settings": {
            "image_position": "center center",
            "mobile_image_position": "center center",
            "slide_link": "",
            "subheading": "Tell your story",
            "title": "Two line\nslide heading",
            "title_size": 84,
            "title_size_mobile": 46,
            "use_h1": false,
            "text": "<p>And optional subtext<\/p>",
            "enlarge_text": true,
            "button_label_1": "Shop this",
            "button_url_1": "",
            "button_label_2": "Shop all",
            "button_url_2": "",
            "text_alignment": "bottom left"
          }
        }
      },
      "block_order": [
        "16359276425da8ce46-0",
        "16359276425da8ce46-1"
      ],
      "settings": {
        "height": "fixed",
        "height_desktop": 600,
        "height_mobile": 580,
        "full_width": true,
        "mobile_overlay_under": false,
        "overlay_style": "no_background",
        "slide_transition": "zoom",
        "slide_navigation": "arrows",
        "autoplay": false,
        "autoplay_speed": 7
      }
    },
    "2e3c672a-69a2-4058-b6f1-f8384b306133": {
      "type": "scrolling-banner",
      "blocks": {
        "template--16476545941769__2e3c672a-69a2-4058-b6f1-f8384b306133-1671305072118b2d18-0": {
          "type": "text",
          "settings": {
            "text": "Tierversuchsfrei",
            "color": "#000000",
            "link": "",
            "use_h1": false,
            "stencil_all_text": false,
            "stencil_text": ""
          }
        },
        "826276d2-3eb5-4573-975a-142ee90b529b": {
          "type": "text",
          "settings": {
            "text": "Vegan",
            "color": "rgba(0,0,0,0)",
            "link": "",
            "use_h1": false,
            "stencil_all_text": false,
            "stencil_text": ""
          }
        },
        "3984b107-665d-4abb-9823-b319897fdca5": {
          "type": "text",
          "settings": {
            "text": "Natürlich",
            "color": "rgba(0,0,0,0)",
            "link": "",
            "use_h1": false,
            "stencil_all_text": false,
            "stencil_text": ""
          }
        }
      },
      "block_order": [
        "template--16476545941769__2e3c672a-69a2-4058-b6f1-f8384b306133-1671305072118b2d18-0",
        "826276d2-3eb5-4573-975a-142ee90b529b",
        "3984b107-665d-4abb-9823-b319897fdca5"
      ],
      "settings": {
        "full_width": false,
        "use_alt_bg": true,
        "text_size": 16,
        "vertical_padding": 10,
        "speed": 35,
        "direction": "left",
        "font": "base",
        "space": 55
      }
    },
    "1635927863703110df": {
      "type": "rich-text",
      "disabled": true,
      "settings": {
        "height": "medium",
        "text_alignment": "center",
        "full_width": false,
        "use_alt_bg": true
      }
    },
    "5aeaa2d7-0b7b-4a98-a44d-db9c7851c4d8": {
      "type": "product-list",
      "disabled": true,
      "settings": {
        "title": "Sins 'n Lashes",
        "product_list": [
          "lash-pro",
          "brow-serum",
          "lash-lift-kit",
          "eyelash-eyebrow-tint"
        ],
        "show_vendor": false,
        "enable_carousel": true,
        "grid": 4,
        "use_alt_bg": false,
        "full_width": true
      }
    },
    "940192e2-8732-45f5-9577-50d80e143f3b": {
      "type": "slideshow",
      "blocks": {
        "template--16476545941769__940192e2-8732-45f5-9577-50d80e143f3b-1671455187aa5016ad-0": {
          "type": "image",
          "settings": {
            "image": "shopify:\/\/shop_images\/lashround.png",
            "mobile_image": "shopify:\/\/shop_images\/lashround.png",
            "image_position": "center center",
            "mobile_image_position": "center center",
            "slide_link": "",
            "subheading": "",
            "title": "",
            "title_size": 84,
            "title_size_mobile": 46,
            "use_h1": false,
            "text": "",
            "enlarge_text": true,
            "button_label_1": "LASH.SERUM",
            "button_url_1": "shopify:\/\/products\/lash-pro",
            "button_label_2": "",
            "button_url_2": "",
            "text_alignment": "bottom center"
          }
        }
      },
      "block_order": [
        "template--16476545941769__940192e2-8732-45f5-9577-50d80e143f3b-1671455187aa5016ad-0"
      ],
      "settings": {
        "height": "adapt",
        "height_desktop": 600,
        "height_mobile": 460,
        "full_width": true,
        "mobile_overlay_under": false,
        "overlay_style": "no_background",
        "slide_transition": "fade",
        "slide_navigation": "arrows",
        "autoplay": true,
        "autoplay_speed": 7
      }
    },
    "ec20c956-8d08-4be3-a896-ed7a114f6eb4": {
      "type": "gallery",
      "disabled": true,
      "blocks": {
        "template--16476545941769__ec20c956-8d08-4be3-a896-ed7a114f6eb4-167131044348c0d9f1-0": {
          "type": "image",
          "settings": {
            "image": "shopify:\/\/shop_images\/TESTHHH.png",
            "alignment": "center center",
            "enlarge_image": true,
            "subheading": "",
            "title": "",
            "button_label": "LASH.SERUM",
            "link": "shopify:\/\/products\/lash-pro",
            "text_alignment": "bottom center"
          }
        }
      },
      "block_order": [
        "template--16476545941769__ec20c956-8d08-4be3-a896-ed7a114f6eb4-167131044348c0d9f1-0"
      ],
      "settings": {
        "grid": 2,
        "height": "adapt",
        "desktop_image_height": 460,
        "mobile_image_height": 400,
        "title_size": 30,
        "title_size_mobile": 22,
        "enable_margin": true,
        "enable_row_spacing": false,
        "full_width": false,
        "use_alt_bg": false,
        "enable_carousel": false,
        "overlay_style": "no_background",
        "button_style": "secondary"
      }
    },
    "2b2ae4a4-e179-468b-a97c-4859fed21fa1": {
      "type": "slideshow",
      "blocks": {
        "template--16476545941769__2b2ae4a4-e179-468b-a97c-4859fed21fa1-167145649968c3c7d1-0": {
          "type": "image",
          "settings": {
            "image": "shopify:\/\/shop_images\/BROWround1_df8ef5bc-13d1-47e5-be20-3c4e4117abd0.png",
            "mobile_image": "shopify:\/\/shop_images\/BROWround1_df8ef5bc-13d1-47e5-be20-3c4e4117abd0.png",
            "image_position": "center center",
            "mobile_image_position": "center center",
            "slide_link": "",
            "subheading": "",
            "title": "",
            "title_size": 84,
            "title_size_mobile": 46,
            "use_h1": false,
            "text": "",
            "enlarge_text": true,
            "button_label_1": "BROW.SERUM",
            "button_url_1": "shopify:\/\/products\/brow-serum",
            "button_label_2": "",
            "button_url_2": "",
            "text_alignment": "bottom center"
          }
        }
      },
      "block_order": [
        "template--16476545941769__2b2ae4a4-e179-468b-a97c-4859fed21fa1-167145649968c3c7d1-0"
      ],
      "settings": {
        "height": "adapt",
        "height_desktop": 600,
        "height_mobile": 460,
        "full_width": true,
        "mobile_overlay_under": false,
        "overlay_style": "no_background",
        "slide_transition": "fade",
        "slide_navigation": "arrows",
        "autoplay": true,
        "autoplay_speed": 7
      }
    },
    "b165e5f8-56fd-4d41-a01c-1cb3bfa70e25": {
      "type": "gallery",
      "disabled": true,
      "blocks": {
        "template--16476545941769__b165e5f8-56fd-4d41-a01c-1cb3bfa70e25-1671368326c4a7473f-0": {
          "type": "image",
          "settings": {
            "image": "shopify:\/\/shop_images\/BROWROUND_ab596acb-fe8b-4241-a518-f926cb81f27c.png",
            "alignment": "center center",
            "enlarge_image": true,
            "subheading": "",
            "title": "",
            "button_label": "BROW.SERUM",
            "link": "shopify:\/\/products\/brow-serum",
            "text_alignment": "bottom center"
          }
        }
      },
      "block_order": [
        "template--16476545941769__b165e5f8-56fd-4d41-a01c-1cb3bfa70e25-1671368326c4a7473f-0"
      ],
      "settings": {
        "grid": 2,
        "height": "adapt",
        "desktop_image_height": 460,
        "mobile_image_height": 400,
        "title_size": 30,
        "title_size_mobile": 20,
        "enable_margin": true,
        "enable_row_spacing": false,
        "full_width": false,
        "use_alt_bg": false,
        "enable_carousel": false,
        "overlay_style": "no_background",
        "button_style": "secondary"
      }
    },
    "c6b4d9ae-f813-4014-8225-9256051ce262": {
      "type": "slideshow",
      "blocks": {
        "template--16476545941769__c6b4d9ae-f813-4014-8225-9256051ce262-167145649968c3c7d1-0": {
          "type": "image",
          "settings": {
            "image": "shopify:\/\/shop_images\/KITround1_e106d7c2-cb9d-4e14-ba16-62fe4bfc27f6.png",
            "mobile_image": "shopify:\/\/shop_images\/KITround1_e106d7c2-cb9d-4e14-ba16-62fe4bfc27f6.png",
            "image_position": "center center",
            "mobile_image_position": "center center",
            "slide_link": "",
            "subheading": "",
            "title": "",
            "title_size": 84,
            "title_size_mobile": 46,
            "use_h1": false,
            "text": "",
            "enlarge_text": true,
            "button_label_1": "LASH.LIFT.KIT",
            "button_url_1": "shopify:\/\/products\/lash-lift-kit",
            "button_label_2": "",
            "button_url_2": "",
            "text_alignment": "bottom center"
          }
        }
      },
      "block_order": [
        "template--16476545941769__c6b4d9ae-f813-4014-8225-9256051ce262-167145649968c3c7d1-0"
      ],
      "settings": {
        "height": "adapt",
        "height_desktop": 600,
        "height_mobile": 460,
        "full_width": true,
        "mobile_overlay_under": false,
        "overlay_style": "no_background",
        "slide_transition": "fade",
        "slide_navigation": "arrows",
        "autoplay": true,
        "autoplay_speed": 7
      }
    },
    "b7862864-62fa-4bef-9cdc-f2bf69382283": {
      "type": "gallery",
      "disabled": true,
      "blocks": {
        "template--16476545941769__b7862864-62fa-4bef-9cdc-f2bf69382283-16713684193ae94ddf-0": {
          "type": "image",
          "settings": {
            "image": "shopify:\/\/shop_images\/KITround_95766e0e-3c12-4797-8df8-a01dde69d4f5.png",
            "alignment": "center center",
            "enlarge_image": true,
            "subheading": "",
            "title": "",
            "button_label": "LASH.LIFT.KIT",
            "link": "shopify:\/\/products\/lash-lift-kit",
            "text_alignment": "bottom center"
          }
        }
      },
      "block_order": [
        "template--16476545941769__b7862864-62fa-4bef-9cdc-f2bf69382283-16713684193ae94ddf-0"
      ],
      "settings": {
        "grid": 2,
        "height": "adapt",
        "desktop_image_height": 460,
        "mobile_image_height": 400,
        "title_size": 30,
        "title_size_mobile": 22,
        "enable_margin": true,
        "enable_row_spacing": false,
        "full_width": false,
        "use_alt_bg": false,
        "enable_carousel": false,
        "overlay_style": "no_background",
        "button_style": "secondary"
      }
    },
    "124c10a8-b25b-42f1-ad93-860f529dbf99": {
      "type": "slideshow",
      "blocks": {
        "template--16476545941769__124c10a8-b25b-42f1-ad93-860f529dbf99-167145649968c3c7d1-0": {
          "type": "image",
          "settings": {
            "image": "shopify:\/\/shop_images\/KITround1_9f2f4e5c-c9a3-4350-8afe-1ab29f3d99b3.png",
            "mobile_image": "shopify:\/\/shop_images\/KITround1_9f2f4e5c-c9a3-4350-8afe-1ab29f3d99b3.png",
            "image_position": "center center",
            "mobile_image_position": "center center",
            "slide_link": "",
            "subheading": "",
            "title": "",
            "title_size": 84,
            "title_size_mobile": 46,
            "use_h1": false,
            "text": "",
            "enlarge_text": true,
            "button_label_1": "LASH & BROW TINT",
            "button_url_1": "shopify:\/\/products\/eyelash-eyebrow-tint",
            "button_label_2": "",
            "button_url_2": "",
            "text_alignment": "bottom center"
          }
        }
      },
      "block_order": [
        "template--16476545941769__124c10a8-b25b-42f1-ad93-860f529dbf99-167145649968c3c7d1-0"
      ],
      "settings": {
        "height": "adapt",
        "height_desktop": 600,
        "height_mobile": 460,
        "full_width": true,
        "mobile_overlay_under": false,
        "overlay_style": "no_background",
        "slide_transition": "fade",
        "slide_navigation": "arrows",
        "autoplay": true,
        "autoplay_speed": 7
      }
    },
    "ec164ed0-03ea-4578-98a9-c7b7d5cd2cd5": {
      "type": "gallery",
      "disabled": true,
      "blocks": {
        "template--16476545941769__ec164ed0-03ea-4578-98a9-c7b7d5cd2cd5-16713684193ae94ddf-0": {
          "type": "image",
          "settings": {
            "image": "shopify:\/\/shop_images\/TINTround_bbf88969-b9af-4e46-9b35-cafe7366b577.png",
            "alignment": "center center",
            "enlarge_image": true,
            "subheading": "",
            "title": "",
            "button_label": "LASH & BROW TINT",
            "link": "shopify:\/\/products\/eyelash-eyebrow-tint",
            "text_alignment": "bottom center"
          }
        }
      },
      "block_order": [
        "template--16476545941769__ec164ed0-03ea-4578-98a9-c7b7d5cd2cd5-16713684193ae94ddf-0"
      ],
      "settings": {
        "grid": 2,
        "height": "adapt",
        "desktop_image_height": 460,
        "mobile_image_height": 400,
        "title_size": 30,
        "title_size_mobile": 22,
        "enable_margin": true,
        "enable_row_spacing": false,
        "full_width": false,
        "use_alt_bg": false,
        "enable_carousel": false,
        "overlay_style": "no_background",
        "button_style": "secondary"
      }
    },
    "d4ae0bf8-0c78-42b6-9b98-bda14e0104ce": {
      "type": "scrolling-banner",
      "settings": {
        "full_width": true,
        "use_alt_bg": false,
        "text_size": 108,
        "vertical_padding": 30,
        "speed": 35,
        "direction": "left",
        "font": "heading",
        "space": 50
      }
    },
    "9765f6e1-ef08-4f50-aea7-4863107e493d": {
      "type": "scrolling-banner",
      "blocks": {
        "template--16476545941769__9765f6e1-ef08-4f50-aea7-4863107e493d-1671310444acc4a3d9-0": {
          "type": "text",
          "settings": {
            "text": "Jetzt unsere Winter-Bundles sichern!",
            "color": "#000000",
            "link": "",
            "use_h1": false,
            "stencil_all_text": false,
            "stencil_text": ""
          }
        }
      },
      "block_order": [
        "template--16476545941769__9765f6e1-ef08-4f50-aea7-4863107e493d-1671310444acc4a3d9-0"
      ],
      "settings": {
        "full_width": false,
        "use_alt_bg": true,
        "text_size": 16,
        "vertical_padding": 5,
        "speed": 35,
        "direction": "left",
        "font": "base",
        "space": 55
      }
    },
    "a342206c-48f7-492f-b32a-0c34f735f2c2": {
      "type": "slideshow",
      "blocks": {
        "template--16476545941769__a342206c-48f7-492f-b32a-0c34f735f2c2-16713690907018c427-0": {
          "type": "image",
          "settings": {
            "image": "shopify:\/\/shop_images\/HoHoHo_802d3e0e-ea96-49b7-bede-8ac0c88b2bf9.jpg",
            "mobile_image": "shopify:\/\/shop_images\/HoHoHo_802d3e0e-ea96-49b7-bede-8ac0c88b2bf9.jpg",
            "image_position": "center center",
            "mobile_image_position": "center bottom",
            "slide_link": "",
            "subheading": "",
            "title": "",
            "title_size": 84,
            "title_size_mobile": 46,
            "use_h1": false,
            "text": "",
            "enlarge_text": true,
            "button_label_1": "",
            "button_url_1": "",
            "button_label_2": "",
            "button_url_2": "",
            "text_alignment": "center center"
          }
        }
      },
      "block_order": [
        "template--16476545941769__a342206c-48f7-492f-b32a-0c34f735f2c2-16713690907018c427-0"
      ],
      "settings": {
        "height": "fixed",
        "height_desktop": 360,
        "height_mobile": 240,
        "full_width": true,
        "mobile_overlay_under": false,
        "overlay_style": "no_background",
        "slide_transition": "fade",
        "slide_navigation": "arrows",
        "autoplay": true,
        "autoplay_speed": 7
      }
    },
    "16359278676808bea5": {
      "type": "featured-collection",
      "settings": {
        "title": "Shop Bundles",
        "collection": "bundles",
        "show_vendor": false,
        "enable_carousel": true,
        "grid": 3,
        "rows": 1,
        "use_alt_bg": false,
        "show_view_all": false,
        "full_width": true
      }
    },
    "0fd66703-f242-4eba-bda9-3e5837d5cf74": {
      "type": "scrolling-banner",
      "blocks": {
        "template--16476545941769__0fd66703-f242-4eba-bda9-3e5837d5cf74-1671368420df3169b2-0": {
          "type": "text",
          "settings": {
            "text": "",
            "color": "rgba(0,0,0,0)",
            "link": "",
            "use_h1": false,
            "stencil_all_text": false,
            "stencil_text": ""
          }
        }
      },
      "block_order": [
        "template--16476545941769__0fd66703-f242-4eba-bda9-3e5837d5cf74-1671368420df3169b2-0"
      ],
      "settings": {
        "full_width": true,
        "use_alt_bg": false,
        "text_size": 50,
        "vertical_padding": 49,
        "speed": 35,
        "direction": "left",
        "font": "heading",
        "space": 50
      }
    },
    "9265ec0c-b07b-4411-9ba3-bec5dc132dd1": {
      "type": "gallery",
      "blocks": {
        "template--16476545941769__9265ec0c-b07b-4411-9ba3-bec5dc132dd1-167131044348c0d9f1-0": {
          "type": "image",
          "settings": {
            "image": "shopify:\/\/shop_images\/BC320AA7-229C-42D8-A5EC-1F98F7E9B128.jpg",
            "alignment": "center center",
            "enlarge_image": true,
            "subheading": "",
            "title": "",
            "button_label": "",
            "link": "",
            "text_alignment": "bottom left"
          }
        }
      },
      "block_order": [
        "template--16476545941769__9265ec0c-b07b-4411-9ba3-bec5dc132dd1-167131044348c0d9f1-0"
      ],
      "settings": {
        "grid": 2,
        "height": "adapt",
        "desktop_image_height": 460,
        "mobile_image_height": 400,
        "title_size": 30,
        "title_size_mobile": 22,
        "enable_margin": false,
        "enable_row_spacing": false,
        "full_width": false,
        "use_alt_bg": false,
        "enable_carousel": false,
        "overlay_style": "no_background",
        "button_style": "primary"
      }
    },
    "16359278867b92de38": {
      "type": "image-with-text",
      "settings": {
        "image": "shopify:\/\/shop_images\/261612349_673505860309869_2388272307153787245_n_d2e7fbfc-865c-420b-92d3-b2b41fe5a89b.jpg",
        "image_2": "shopify:\/\/shop_images\/254767424_2039385836220807_612903197352499917_n_13434d68-d83a-4a70-9a2b-e375a2ca93bc.jpg",
        "image_width": 280,
        "subheading": "",
        "title": "NATÜRLICHES SELBSTVERTRAUEN",
        "use_h1": false,
        "text": "<p>Garantierte Zufriedenheit - Sins 'n Lashes setzt sich für die Natürlichkeit & das Potenzial jeder Frau ein.<\/p>",
        "button_label": "Shoppen",
        "button_link": "shopify:\/\/collections\/sins-n-lashes™",
        "button_style": "secondary",
        "image_position": "left",
        "text_alignment": "center",
        "use_alt_bg": false
      }
    },
    "d4ff3a89-cd9a-430d-91ea-76c6372a9c8f": {
      "type": "slideshow",
      "blocks": {
        "8f975287-f1a7-418f-9efa-b74b6b00e4f9": {
          "type": "image",
          "settings": {
            "image": "shopify:\/\/shop_images\/vcxyaa1_a4ccb3d2-3be9-4354-8488-cf50415a75d2.png",
            "image_position": "center center",
            "mobile_image_position": "center center",
            "slide_link": "",
            "subheading": "",
            "title": "LOVE FROM\nELIANA\n🤍",
            "title_size": 84,
            "title_size_mobile": 20,
            "use_h1": false,
            "text": "",
            "enlarge_text": true,
            "button_label_1": "",
            "button_url_1": "",
            "button_label_2": "",
            "button_url_2": "",
            "text_alignment": "center right"
          }
        },
        "template--16476545941769__d4ff3a89-cd9a-430d-91ea-76c6372a9c8f-16713690907018c427-0": {
          "type": "image",
          "settings": {
            "image": "shopify:\/\/shop_images\/vcxyaa4_Kopie_c5283a64-8f43-4c85-8870-9624fc816f3c.png",
            "image_position": "center center",
            "mobile_image_position": "center center",
            "slide_link": "",
            "subheading": "",
            "title": "LOVE FROM\nSARAH\n🤍",
            "title_size": 84,
            "title_size_mobile": 20,
            "use_h1": false,
            "text": "",
            "enlarge_text": false,
            "button_label_1": "",
            "button_url_1": "",
            "button_label_2": "",
            "button_url_2": "",
            "text_alignment": "center right"
          }
        },
        "template--16476545941769__d4ff3a89-cd9a-430d-91ea-76c6372a9c8f-16713690907018c427-1": {
          "type": "image",
          "settings": {
            "image": "shopify:\/\/shop_images\/vcxyaa2_27e6e3e6-9745-4470-84f0-80a0b1831cd0.png",
            "image_position": "center center",
            "mobile_image_position": "center center",
            "slide_link": "",
            "subheading": "",
            "title": "LOVE FROM\nVICTORIA\n🤍",
            "title_size": 84,
            "title_size_mobile": 20,
            "use_h1": false,
            "text": "",
            "enlarge_text": true,
            "button_label_1": "",
            "button_url_1": "",
            "button_label_2": "",
            "button_url_2": "",
            "text_alignment": "center right"
          }
        },
        "8ef77a4c-4041-4716-b1a4-a99730a07a60": {
          "type": "image",
          "settings": {
            "image": "shopify:\/\/shop_images\/vcxyaa4-2_21967b92-76c2-411e-b1f0-49f5152bc915.png",
            "image_position": "center center",
            "mobile_image_position": "center center",
            "slide_link": "",
            "subheading": "",
            "title": "LOVE FROM\nARIA\n🤍",
            "title_size": 84,
            "title_size_mobile": 20,
            "use_h1": false,
            "text": "",
            "enlarge_text": true,
            "button_label_1": "",
            "button_url_1": "",
            "button_label_2": "",
            "button_url_2": "",
            "text_alignment": "center right"
          }
        }
      },
      "block_order": [
        "8f975287-f1a7-418f-9efa-b74b6b00e4f9",
        "template--16476545941769__d4ff3a89-cd9a-430d-91ea-76c6372a9c8f-16713690907018c427-0",
        "template--16476545941769__d4ff3a89-cd9a-430d-91ea-76c6372a9c8f-16713690907018c427-1",
        "8ef77a4c-4041-4716-b1a4-a99730a07a60"
      ],
      "settings": {
        "height": "fixed",
        "height_desktop": 600,
        "height_mobile": 280,
        "full_width": true,
        "mobile_overlay_under": false,
        "overlay_style": "no_background",
        "slide_transition": "zoom",
        "slide_navigation": "arrows",
        "autoplay": true,
        "autoplay_speed": 3
      }
    },
    "e0cce081-3621-4e00-b31e-5945f47fb512": {
      "type": "slideshow",
      "blocks": {
        "template--16476545941769__e0cce081-3621-4e00-b31e-5945f47fb512-1671461930c18c4f48-0": {
          "type": "image",
          "settings": {
            "image": "shopify:\/\/shop_images\/261231328_1331899247249315_1716761034042760622_n_1.jpg",
            "image_position": "center center",
            "mobile_image_position": "center center",
            "slide_link": "",
            "subheading": "",
            "title": "",
            "title_size": 84,
            "title_size_mobile": 46,
            "use_h1": false,
            "text": "",
            "enlarge_text": true,
            "button_label_1": "",
            "button_url_1": "",
            "button_label_2": "",
            "button_url_2": "",
            "text_alignment": "center center"
          }
        }
      },
      "block_order": [
        "template--16476545941769__e0cce081-3621-4e00-b31e-5945f47fb512-1671461930c18c4f48-0"
      ],
      "settings": {
        "height": "adapt",
        "height_desktop": 600,
        "height_mobile": 460,
        "full_width": true,
        "mobile_overlay_under": false,
        "overlay_style": "no_background",
        "slide_transition": "fade",
        "slide_navigation": "arrows",
        "autoplay": true,
        "autoplay_speed": 7
      }
    },
    "79f19f11-6cfb-4d57-aba6-0a8fa447daf9": {
      "type": "rich-text",
      "blocks": {
        "template--16476545941769__79f19f11-6cfb-4d57-aba6-0a8fa447daf9-167145688544a6fde1-0": {
          "type": "heading",
          "settings": {
            "title": "WER WIR SIND!",
            "use_h1": false
          }
        },
        "template--16476545941769__79f19f11-6cfb-4d57-aba6-0a8fa447daf9-167145688544a6fde1-1": {
          "type": "text",
          "settings": {
            "text": "<p>Wir sind die Marke Sins `n Lashes aus Deutschland. Die Spezialisierung unserer Marke ist, auf natürlichem Weg mit unseren exquisiten  Produkten die  Schönheit der Frauen zu betonen & das Selbstbewusstsein zu stärken.<\/p>",
            "enlarge_text": false
          }
        }
      },
      "block_order": [
        "template--16476545941769__79f19f11-6cfb-4d57-aba6-0a8fa447daf9-167145688544a6fde1-0",
        "template--16476545941769__79f19f11-6cfb-4d57-aba6-0a8fa447daf9-167145688544a6fde1-1"
      ],
      "settings": {
        "height": "small",
        "text_alignment": "center",
        "full_width": true,
        "use_alt_bg": true
      }
    },
    "d8b4374e-1ba2-427b-9217-22a6f023c4c8": {
      "type": "newsletter",
      "settings": {
        "title": "Sins 'n Lashes Deal 🖤",
        "subheading": "<p><strong>Anmelden & Rabatte sowie News erhalten!<\/strong><\/p>",
        "color_bg": "#ffefec"
      }
    }
  },
  "order": [
    "42edaeca-2f8e-4030-a0f7-257bbd4918ea",
    "16359276425da8ce46",
    "2e3c672a-69a2-4058-b6f1-f8384b306133",
    "1635927863703110df",
    "5aeaa2d7-0b7b-4a98-a44d-db9c7851c4d8",
    "940192e2-8732-45f5-9577-50d80e143f3b",
    "ec20c956-8d08-4be3-a896-ed7a114f6eb4",
    "2b2ae4a4-e179-468b-a97c-4859fed21fa1",
    "b165e5f8-56fd-4d41-a01c-1cb3bfa70e25",
    "c6b4d9ae-f813-4014-8225-9256051ce262",
    "b7862864-62fa-4bef-9cdc-f2bf69382283",
    "124c10a8-b25b-42f1-ad93-860f529dbf99",
    "ec164ed0-03ea-4578-98a9-c7b7d5cd2cd5",
    "d4ae0bf8-0c78-42b6-9b98-bda14e0104ce",
    "9765f6e1-ef08-4f50-aea7-4863107e493d",
    "a342206c-48f7-492f-b32a-0c34f735f2c2",
    "16359278676808bea5",
    "0fd66703-f242-4eba-bda9-3e5837d5cf74",
    "9265ec0c-b07b-4411-9ba3-bec5dc132dd1",
    "16359278867b92de38",
    "d4ff3a89-cd9a-430d-91ea-76c6372a9c8f",
    "e0cce081-3621-4e00-b31e-5945f47fb512",
    "79f19f11-6cfb-4d57-aba6-0a8fa447daf9",
    "d8b4374e-1ba2-427b-9217-22a6f023c4c8"
  ]
}