{
  "sections": {
    "main": {
      "type": "main-product",
      "blocks": {
        "title": {
          "type": "title",
          "settings": {
          }
        },
        "loox-rating": {
          "type": "shopify:\/\/apps\/loox-product-reviews-photos\/blocks\/loox-rating\/5c3b337f-fd14-4df5-b1d6-80ec13e6e28e",
          "settings": {
          }
        },
        "price": {
          "type": "price",
          "settings": {
            "show_tax_and_shipping": true,
            "enable_product_reviews_by_price": true
          }
        },
        "variant_picker": {
          "type": "variant_picker",
          "settings": {
            "show_single": false,
            "select_first_variant": true,
            "variant_style": "listed",
            "disable_unavailable_variants": true,
            "show_size_chart": false,
            "size_chart_variant": "",
            "size_chart_page": ""
          }
        },
        "buy_buttons": {
          "type": "buy_buttons",
          "settings": {
            "show_quantity_selector": true,
            "enable_payment_button": false,
            "show_backorder_text": false,
            "show_pickup_availability": false
          }
        },
        "divider": {
          "type": "divider",
          "disabled": true,
          "settings": {
            "show_in_quickbuy": false
          }
        },
        "description": {
          "type": "description",
          "disabled": true,
          "settings": {
            "show_in_tab": false,
            "open_tab": false,
            "icon": "",
            "show_in_quickbuy": false
          }
        }
      },
      "block_order": [
        "title",
        "loox-rating",
        "price",
        "variant_picker",
        "buy_buttons",
        "divider",
        "description"
      ],
      "settings": {
        "show_breadcrumbs": false,
        "show_location_underneath": false,
        "inventory_transfers_enable": false,
        "enable_sticky_columns": false,
        "gallery_size": "large",
        "gallery_layout": "carousel-beside",
        "enable_zoom": false,
        "enable_video_looping": false,
        "enable_var_img_grouping": false,
        "var_img_grouping_option": "Color,Colour,Couleur,Farbe"
      }
    },
    "4716bcce-4d31-41fa-8595-fef179ced39a": {
      "type": "product-description",
      "settings": {
        "enable_product_des": true
      }
    },
    "recommendations": {
      "type": "product-recommendations",
      "disabled": true,
      "settings": {
        "title": "You may also like",
        "show_vendor": false,
        "grid": 4
      }
    },
    "fa00b652-0d63-4556-a23d-6d7b661244ba": {
      "type": "image-with-text",
      "settings": {
        "image": "shopify:\/\/shop_images\/SINSBUNDLE.png",
        "image_2": "shopify:\/\/shop_images\/SINSBUNDLE2_866_x_1080_px_3.png",
        "image_width": 700,
        "subheading": "",
        "title": "SINS 'N LASHES BUNDLES",
        "use_h1": false,
        "text": "<p>Unsere beliebtesten Winter Angebote!<\/p><p>Mit Bundles bis zu <strong>35%<\/strong> sparen.<\/p>",
        "button_label": "Shoppen",
        "button_link": "",
        "button_style": "primary",
        "image_position": "left",
        "text_alignment": "center",
        "use_alt_bg": false
      }
    },
    "loox-product-reviews-app-section": {
      "type": "apps",
      "blocks": {
        "loox-product-reviews": {
          "type": "shopify:\/\/apps\/loox-product-reviews-photos\/blocks\/loox-dynamic-section\/5c3b337f-fd14-4df5-b1d6-80ec13e6e28e",
          "settings": {
            "only_photos": false,
            "aggregated": false,
            "limit": 20,
            "hide_thumbnails": false,
            "maxwidth": 1080
          }
        }
      },
      "block_order": [
        "loox-product-reviews"
      ],
      "settings": {
        "full_width": false
      }
    }
  },
  "order": [
    "main",
    "4716bcce-4d31-41fa-8595-fef179ced39a",
    "recommendations",
    "fa00b652-0d63-4556-a23d-6d7b661244ba",
    "loox-product-reviews-app-section"
  ]
}