{
  "sections": {
    "main": {
      "type": "main-product",
      "blocks": {
        "title": {
          "type": "title",
          "settings": {
          }
        },
        "price": {
          "type": "price",
          "settings": {
          }
        },
        "vendor": {
          "type": "vendor",
          "settings": {
          }
        },
        "divider": {
          "type": "divider",
          "settings": {
          }
        },
        "variant_picker": {
          "type": "variant_picker",
          "settings": {
          }
        },
        "buy_buttons": {
          "type": "buy_buttons",
          "settings": {
          }
        },
        "description": {
          "type": "description",
          "settings": {
          }
        }
      },
      "block_order": [
        "title",
        "price",
        "vendor",
        "divider",
        "variant_picker",
        "buy_buttons",
        "description"
      ],
      "settings": {
      }
    },
    "recommendations": {
      "type": "product-recommendations",
      "settings": {
      }
    }
  },
  "order": [
    "main",
    "recommendations"
  ]
}